Track URI,Track Name,Album Name,Artist Name(s),Release Date,Duration (ms),Popularity,Explicit,Added By,Added At,Genres,Record Label,Danceability,Energy,Key,Loudness,Mode,Speechiness,Acousticness,Instrumentalness,Liveness,Valence,Tempo,Time Signature
spotify:track:1q74TesvRCIo5RvJM5B84F,"She Is Love","Losing Sleep","Parachute",2009-01-01,146066,0,false,quirky613,2026-06-25T23:12:58Z,"indie,indie rock","Universal Music Group",0.629,0.174,6,-9.697,1,0.141,0.616,0,0.118,0.305,134.297,1
spotify:track:6S3cCgcePjIurF8pT2XWPP,"Robotic","Hannah Georgas","Hannah Georgas",2012-01-01,238360,0,false,quirky613,2026-06-25T23:14:00Z,"","Dine Alone Music",0.534,0.894,2,-4.694,1,0.0413,0.013,0.33,0.111,0.408,136.948,4
spotify:track:0FuTx2s3YH1ppmtiM6l0zI,"September Song","September Song","JP Cooper",2016-09-16,220290,1,false,quirky613,2026-06-25T23:14:54Z,"soft pop","Universal Music Group",0.623,0.654,0,-5.675,0,0.0372,0.0545,0,0.0838,0.401,95.921,4
spotify:track:4Sqc0kPuZpfI0T2TZBu8JT,"Grace Kelly","Life In Cartoon Motion","MIKA",2007-01-01,187733,1,false,quirky613,2026-06-25T23:15:43Z,"","Universal Music Group",0.676,0.824,0,-5.752,1,0.0449,0.0271,0.0152,0.363,0.696,122.221,4
spotify:track:28lhqsjWoj6S71vCFq0vR0,"Stay (I Missed You) - Storytellers","VH1 Storytellers","Lisa Loeb",2000-01-01,188220,22,false,quirky613,2026-06-25T23:22:54Z,"","Interscope",0.441,0.628,1,-7.349,1,0.486,0.797,0,0.723,0.586,161.982,4
spotify:track:0jlgrHvssAloyAidZ1aJzs,"Stay","The Very Best Of","Lisa Loeb & Nine Stories",2006-01-01,184333,0,false,quirky613,2026-06-25T23:22:54Z,"","Universal Strategic Marketing",0.67,0.607,1,-6.827,1,0.0496,0.475,0,0.126,0.375,80.396,4
spotify:track:7IHOIqZUUInxjVkko181PB,"Stay With Me","In The Lonely Hour (Deluxe Edition)","Sam Smith",2014-01-01,172723,1,false,quirky613,2026-06-25T23:23:05Z,"","Universal Music Ltd.",0.5,0.418,0,-6.535,1,0.0377,0.566,0.000193,0.11,0.176,84.899,4
spotify:track:0OuG227KS6LNr8k4aIsYbu,"Good Days (Acoustic Instrumental)","Acoustic Instrumentals, Vol. 14","JustAcoustic",2021-05-05,257851,43,false,quirky613,2026-06-25T23:42:30Z,"","JustAcoustic",0.486,0.199,2,-18.773,1,0.0394,0.869,0.941,0.0915,0.181,120.955,4
spotify:track:5yJaXWIErrrsjQ3J0eR5aK,"The Night We Met","Strange Trails","Lord Huron",2015-04-07,208226,92,false,quirky613,2026-06-25T23:44:53Z,"singer-songwriter,folk rock","Lord Huron",0.44,0.378,2,-9.545,1,0.045,0.968,0.272,0.639,0.105,174.121,3
spotify:track:0TFTAtCYhp2tQ9KcJIZb55,"undressed","I Barely Know Her","sombr",2025-08-22,182088,88,false,quirky613,2026-06-25T23:45:40Z,"bedroom pop","Warner Records",0.642,0.887,0,-3.883,1,0.0406,0.137,0,0.0829,0.888,115.999,4
spotify:track:5MhMXTuVODDF234VDvSxQx,"Awake","Awake","Tycho",2014-03-18,283636,64,false,quirky613,2026-06-25T23:48:01Z,"","Ghostly International",0.552,0.877,1,-5.765,1,0.0353,0.0585,0.899,0.0746,0.597,176.05,4
spotify:track:6gEM9VkLei8yho1uOe08LI,"Throw Shade","Throw Shade","CRUISR",2015-07-17,172986,0,false,quirky613,2026-06-25T23:48:43Z,"lo-fi hip hop,lo-fi,lo-fi beats","Vagrant Records",0.559,0.784,7,-7.051,1,0.0428,0.0138,0,0.0619,0.867,160.017,4
spotify:track:27iRp7u1smOjS3qq1bPYU0,"Yes Yes","Lido","The Colourist",2013-01-01,176786,0,false,quirky613,2026-06-25T23:48:48Z,"","Universal Music Group",0.598,0.94,9,-5.028,1,0.0369,0.00184,0.0000337,0.414,0.864,140.007,4
spotify:track:6jrMVRReY24qzCfe1BRrww,"What You Know","Tourist History","Two Door Cinema Club",2010-02-07,191400,2,false,quirky613,2026-06-25T23:48:56Z,"","Glassnote",0.556,0.763,6,-3.952,0,0.0413,0.000728,0.00000679,0.071,0.814,138.986,4
spotify:track:1mIS7rYh9OKNs2wkrqAv2k,"CROUTON","CROUTON","Daniyel",2021-04-16,154968,31,false,quirky613,2026-06-25T23:50:54Z,"indie,baroque pop","CORTAN Records / EMPIRE",0.69,0.685,4,-8.452,1,0.0314,0.235,0,0.051,0.384,122.032,4
spotify:track:3ZU1HmcAxIBybrBrQS8XXs,"MOM","MOM","Daniyel",2020-05-08,170602,17,false,quirky613,2026-06-25T23:50:54Z,"indie,baroque pop","CORTAN Records / EMPIRE",0.747,0.566,1,-5.87,1,0.0409,0.0148,0,0.117,0.276,85.007,4
spotify:track:5B6pGmSvJXe8aKYBZkrPp1,"RUN!","RUN!","Daniyel",2025-04-04,179555,54,false,quirky613,2026-06-25T23:50:54Z,"indie,baroque pop","Boom.Records",0.677,0.624,8,-6.951,1,0.0413,0.147,0,0.145,0.51,134.964,4
spotify:track:6FfLg6FFqhCsrFOaHIGkg0,"Honeypie","For Abby","JAWNY",2020-10-27,135581,80,false,quirky613,2026-06-25T23:51:39Z,"","Johnny Utah LLC",0.74,0.688,5,-4.361,0,0.0916,0.061,0,0.138,0.935,115.035,4
spotify:track:2B664ulJSVBd6B8SAY3Wux,"Oysters In My Pocket","Oysters In My Pocket","Royel Otis",2022-03-10,162338,78,false,quirky613,2026-06-25T23:51:45Z,"indie","House Anxiety / Ourness",0.598,0.924,6,-4.974,0,0.0623,0.0205,0.799,0.17,0.611,168.017,4
spotify:track:5sCvipEhpAhVhu3K6kzm1P,"2 / 14","My Thoughts on You","The Band CAMINO",2016-04-01,163690,0,false,quirky613,2026-06-25T23:54:09Z,"","The Band CAMINO",0.607,0.708,9,-7.428,1,0.0539,0.377,0,0.294,0.551,97.005,4
spotify:track:0zRtBDhwtIFTfoK2HuURbM,"Raindrops Keep Fallin' On My Head","Raindrops Keep Fallin' On My Head","B.J. Thomas",2005,184493,0,false,quirky613,2026-06-25T23:59:10Z,"","Gusto Records",0.519,0.446,5,-9.287,1,0.0388,0.813,0.000124,0.11,0.654,104.962,4
spotify:track:4HHge4zAyIw3pkrtFzmwCl,"So Far Away","Tapestry","Carole King",1971,235391,63,false,quirky613,2026-06-25T23:59:10Z,"","Ode/Epic/Legacy",0.49,0.172,2,-14.251,1,0.0372,0.897,0.0000332,0.0753,0.361,143.837,4
spotify:track:12q3V8ShACq2PSWINMc2rC,"It's Too Late","Tapestry","Carole King",1971,233552,75,false,quirky613,2026-06-25T23:59:10Z,"","Ode/Epic/Legacy",0.45,0.442,9,-12.718,0,0.0353,0.493,0.00564,0.134,0.812,208.282,4
spotify:track:1381rfnkAKhUeqP0J12kk3,"Home Again","Tapestry","Carole King",1971,148848,52,false,quirky613,2026-06-25T23:59:10Z,"","Ode/Epic/Legacy",0.505,0.255,9,-12.558,1,0.0352,0.861,0.00389,0.0782,0.623,140.344,4
spotify:track:4EGyc152dlYpuQZ47cRC8j,"Beautiful","Tapestry","Carole King",1971,187605,53,false,quirky613,2026-06-25T23:59:10Z,"","Ode/Epic/Legacy",0.66,0.341,8,-11.175,1,0.0284,0.843,0.0000133,0.109,0.497,77.066,4
spotify:track:1qhp5owrFGeZ5Jgin28nwR,"You've Got a Friend","Tapestry","Carole King",1971,309520,66,false,quirky613,2026-06-25T23:59:10Z,"","Ode/Epic/Legacy",0.473,0.263,8,-10.684,1,0.0336,0.88,0.0000441,0.123,0.461,169.094,4
spotify:track:0PrW6YZOBGeukTkvJsSIV3,"Smackwater Jack","Tapestry","Carole King",1971,221904,48,false,quirky613,2026-06-25T23:59:10Z,"","Ode/Epic/Legacy",0.656,0.552,7,-8.882,1,0.0314,0.447,0.000269,0.0822,0.77,125.796,4
spotify:track:4kCS2MgX5dQFyqHy21MzJG,"Tapestry","Tapestry","Carole King",1971,194997,48,false,quirky613,2026-06-25T23:59:10Z,"","Ode/Epic/Legacy",0.379,0.203,5,-11.66,1,0.0373,0.931,0.00000331,0.222,0.344,67.135,4
spotify:track:4iOoHmJJiqyTxsXSa5uELv,"Like I Can","In The Lonely Hour","Sam Smith",2014-01-01,167065,0,false,quirky613,2026-06-26T00:01:02Z,"","Capitol Records",0.652,0.632,7,-6.612,0,0.0375,0.363,0.000012,0.124,0.484,99.952,4
spotify:track:0ci6bxPw8muHTmSRs1MOjD,"Good Thing","In The Lonely Hour (Deluxe Edition)","Sam Smith",2014-01-01,201087,0,false,quirky613,2026-06-26T00:01:02Z,"","Universal Music Ltd.",0.578,0.309,1,-10.581,0,0.0538,0.669,0.00283,0.324,0.293,129.473,4
spotify:track:0fySyVgczjbjbxMwNrdwkp,"Leave Your Lover","In The Lonely Hour (Deluxe Edition)","Sam Smith",2014-01-01,188377,0,false,quirky613,2026-06-26T00:01:02Z,"","Universal Music Ltd.",0.443,0.255,4,-8.742,1,0.0388,0.945,0.0000034,0.104,0.402,142.436,4
spotify:track:1VbhR6D6zUoSTBzvnRonXO,"I'm Not The Only One","In The Lonely Hour (Deluxe Edition)","Sam Smith",2014-01-01,239316,0,false,quirky613,2026-06-26T00:01:02Z,"","Universal Music Ltd.",0.678,0.491,5,-5.815,1,0.0358,0.565,0.0000278,0.0772,0.519,81.997,4
spotify:track:4DlYkz7xtje3iV2dDBu3OK,"Life Support","In The Lonely Hour (Deluxe Edition)","Sam Smith",2014-01-01,173356,0,false,quirky613,2026-06-26T00:01:02Z,"","Universal Music Ltd.",0.407,0.477,4,-7.568,0,0.0346,0.522,0.000429,0.139,0.207,119.262,4
spotify:track:7C6cA8girfd6ZvbkmZmx9V,"Not In That Way","In The Lonely Hour (Deluxe Edition)","Sam Smith",2014-01-01,172452,0,false,quirky613,2026-06-26T00:01:02Z,"","Universal Music Ltd.",0.396,0.152,2,-12.46,1,0.042,0.935,0,0.129,0.306,141.383,3
spotify:track:6uZ2x1Z6DSpOGAlVlvuhif,"Lay Me Down","In The Lonely Hour (Deluxe Edition)","Sam Smith",2014-01-01,253208,0,false,quirky613,2026-06-26T00:01:02Z,"","Universal Music Ltd.",0.422,0.338,4,-9.347,1,0.0485,0.759,0.0000206,0.108,0.159,121.764,4
spotify:track:2UonPYDoqpUZxoJUHWCgtP,"I've Told You Now","In The Lonely Hour (Drowning Shadows Edition)","Sam Smith",2015-11-06,210369,0,false,quirky613,2026-06-26T00:01:02Z,"","Capitol",0.664,0.373,4,-8.134,0,0.0344,0.693,0.0000206,0.0941,0.186,86.144,4
spotify:track:60qgg890t9qRIWxEo3wO8s,"Restart","In The Lonely Hour (Drowning Shadows Edition)","Sam Smith",2015-11-06,232779,0,false,quirky613,2026-06-26T00:01:02Z,"","Capitol",0.756,0.748,1,-6.284,1,0.0402,0.0428,0.00192,0.116,0.866,114.996,4
spotify:track:5vUNRJsvEOUsz4sbKkJpFr,"Latch - Acoustic","In The Lonely Hour (Drowning Shadows Edition)","Sam Smith",2015-11-06,223429,0,false,quirky613,2026-06-26T00:01:02Z,"","Capitol",0.366,0.247,8,-8.706,1,0.0274,0.981,0.000221,0.11,0.239,95.888,4
spotify:track:2uCMaUojwuqr8CRGsLoPa6,"Make It To Me","In The Lonely Hour (Drowning Shadows Edition)","Sam Smith",2015-11-06,162732,0,false,quirky613,2026-06-26T00:01:02Z,"","Capitol",0.456,0.379,1,-8.573,1,0.0685,0.631,0.0000031,0.0983,0.225,149.955,4
spotify:track:4dtU73n96G2Qutw4rJ7cOc,"Drowning Shadows","In The Lonely Hour (Drowning Shadows Edition)","Sam Smith",2015-11-06,253959,0,false,quirky613,2026-06-26T00:01:02Z,"","Capitol",0.374,0.334,7,-8.042,1,0.0331,0.906,0.0000175,0.0938,0.273,136.529,4
spotify:track:0FDabUXsNRn1yS65CzEF2Y,"Love Is A Losing Game","In The Lonely Hour (Drowning Shadows Edition)","Sam Smith",2015-11-06,177690,0,false,quirky613,2026-06-26T00:01:02Z,"","Capitol",0.306,0.232,0,-8.934,1,0.0318,0.948,0.0000306,0.11,0.187,75.604,4
spotify:track:3yb2hJ1kKDEhLo3qfw7zlr,"How Will I Know","In The Lonely Hour (Drowning Shadows Edition)","Sam Smith",2015-11-06,232234,0,false,quirky613,2026-06-26T00:01:02Z,"","Capitol",0.425,0.132,0,-12.346,1,0.0789,0.945,0,0.0809,0.283,84.273,4
spotify:track:0G7zUWU575zYyHCrOy14yz,"Omen - Acoustic","In The Lonely Hour (Drowning Shadows Edition)","Sam Smith",2015-11-06,205375,0,false,quirky613,2026-06-26T00:01:02Z,"","Capitol",0.443,0.203,3,-8.426,1,0.034,0.965,0.0000811,0.101,0.185,102.771,4
spotify:track:3xlEcJhjHkjsKbREZAQoGc,"I Don't Wanna Know","I Don't Wanna Know","Weathers",2016-04-22,203773,37,false,quirky613,2026-06-26T00:02:32Z,"","RCA Records Label",0.479,0.708,9,-7.189,0,0.0419,0.00199,0,0.569,0.371,91.902,4
spotify:track:3DamFFqW32WihKkTVlwTYQ,"Fireflies","Ocean Eyes","Owl City",2009-01-01,228346,82,false,quirky613,2026-06-26T00:02:52Z,"downtempo,trip hop","Universal Records",0.512,0.662,3,-6.797,1,0.0439,0.0275,0,0.118,0.472,180.114,4
spotify:track:3lxl2OTiA7er1dUFc0PTvQ,"A Case For Shame - feat. Cold Specks","Innocents","Moby",2013-09-27,363813,0,false,quirky613,2026-06-26T00:03:16Z,"","Embassy One",0.426,0.418,0,-11.657,1,0.0357,0.736,0.0257,0.0608,0.0785,143.719,4
spotify:track:1jJci4qxiYcOHhQR247rEU,"Kids","Oracular Spectacular","MGMT",2007-12-14,302840,87,false,quirky613,2026-06-26T00:03:31Z,"vaporwave,city pop,nu disco","Red Ink/Columbia",0.451,0.931,9,-3.871,1,0.0719,0.00076,0.0049,0.361,0.172,122.961,4
spotify:track:3FtYbEfBqAlGO46NUDQSAt,"Electric Feel","Oracular Spectacular","MGMT",2007-12-14,229640,84,false,quirky613,2026-06-26T00:03:31Z,"vaporwave,city pop,nu disco","Red Ink/Columbia",0.763,0.803,1,-3.713,1,0.0351,0.0709,0.285,0.348,0.561,103.04,3
spotify:track:4iG2gAwKXsOcijVaVXzRPW,"Time to Pretend","Oracular Spectacular","MGMT",2007-12-14,261000,82,true,quirky613,2026-06-26T00:03:31Z,"vaporwave,city pop,nu disco","Red Ink/Columbia",0.438,0.94,2,-3.249,1,0.0452,0.0000874,0.0777,0.3,0.421,100.99,3
spotify:track:5A6BJLZArq1MPjsnmcuk5f,"Lights Down Low","Hell's Kitchen Angel","MAX",2016-04-08,223846,61,false,quirky613,2026-06-26T00:03:31Z,"","RED MUSIC/Sony Music Entertainment",0.623,0.493,5,-7.727,0,0.0338,0.0632,0,0.104,0.594,81.019,4
spotify:track:6lUY6MoqGgPnA27PHYxem5,"Bulletproof","La Roux","La Roux",2009-01-01,205733,4,false,quirky613,2026-06-26T00:03:58Z,"soft pop","Polydor Records",0.674,0.882,3,-2.771,0,0.0477,0.000441,0.0000647,0.068,0.682,123.016,4
spotify:track:1Dr5JexwA15wmKe7Y7maA9,"Past Lives","Dopamine","BØRNS",2015-10-16,274320,72,false,quirky613,2026-06-26T00:05:09Z,"","UMGRI Interscope",0.743,0.685,4,-6.863,1,0.0975,0.0664,0.0000675,0.0884,0.443,109.988,4
spotify:track:1K5bw0LkY4CmH285NsBjcd,"The Emotion","Dopamine","BØRNS",2015-10-16,224786,0,false,quirky613,2026-06-26T00:05:09Z,"","Universal Music Group",0.423,0.694,11,-5.538,1,0.0266,0.202,0.0274,0.706,0.306,149.988,4
spotify:track:4AewKenHXKBt643p473xCk,"American Money","Dopamine","BØRNS",2015-10-16,260986,68,false,quirky613,2026-06-26T00:05:09Z,"","UMGRI Interscope",0.542,0.867,6,-5.26,0,0.0813,0.0226,0.00347,0.116,0.326,134.984,4
spotify:track:0BRbWiAn3TVprsotudFRvZ,"Electric Love","Dopamine","BØRNS",2015-10-16,218106,0,false,quirky613,2026-06-26T00:05:09Z,"","Universal Music Group",0.611,0.804,6,-7.592,0,0.0545,0.00431,0.000633,0.2,0.536,120.032,4
spotify:track:7HwoUfASF7xwt4vFEhkQF3,"Seeing Stars","Candy","BØRNS",2014-11-10,189453,47,false,quirky613,2026-06-26T00:05:09Z,"","UMGRI Interscope",0.638,0.893,6,-4.21,0,0.059,0.0534,0,0.258,0.904,91.981,4
spotify:track:1BWsOxeMx83OrKGCV4gxly,"I Feel the Earth Move","Tapestry","Carole King",1971,178849,67,false,quirky613,2026-06-26T00:05:39Z,"","Ode/Epic/Legacy",0.711,0.576,7,-8.784,0,0.0305,0.648,0.00226,0.0528,0.644,120.117,4
spotify:track:0HZhYMZOcUzZKSFwPOti6m,"jar of hearts","lovestrong.","Christina Perri",2011-05-10,246587,76,false,quirky613,2026-06-26T00:07:02Z,"","Atlantic Records",0.349,0.348,3,-6.142,1,0.0316,0.726,0,0.12,0.0886,74.541,4
spotify:track:4euXJuErBCqH2LEApfxI6i,"broken - acoustic","broken (acoustic)","lovelytheband",2018-11-16,202926,49,false,quirky613,2026-06-26T00:12:37Z,"indie","RED MUSIC",0.685,0.341,2,-10.434,1,0.0354,0.798,0,0.0951,0.42,123.015,4
spotify:track:3zjjzKg16tczCMwckGKGuH,"Happy Pills","Happy Pills","Weathers",2016-06-03,203080,67,false,quirky613,2026-06-26T00:13:45Z,"","RCA Records Label",0.521,0.885,4,-4.934,0,0.125,0.00327,0.00904,0.324,0.344,115.985,4
spotify:track:7KnO329vAApm3MXqy9epv9,"Rebel Sun","What a Drag","Beach Weather",2015-08-28,249379,0,false,quirky613,2026-06-26T00:13:45Z,"","8123",0.464,0.951,9,-4.102,1,0.0414,0.00941,0.00295,0.209,0.826,163.995,4
spotify:track:2UAWCPSBKXi33Q0YMoDRRS,"Bad Seed","What a Drag","Beach Weather",2015-08-28,211687,0,false,quirky613,2026-06-26T00:13:45Z,"","8123",0.76,0.671,4,-5.967,0,0.0449,0.0494,0.0000399,0.324,0.847,117.98,4
spotify:track:0SBariQWfKjoslW2XSIFOm,"Seventeen","Sweet FA","Peach Pit",2018-06-27,216426,53,false,quirky613,2026-06-26T00:24:57Z,"","Columbia",0.559,0.89,11,-5.188,1,0.0387,0.00837,0.00759,0.103,0.809,91.509,4
spotify:track:52a6VcF23v5HB7KfDEmBHq,"Carried Away","Gossamer","Passion Pit",2012-07-23,222080,60,false,quirky613,2026-06-26T00:24:57Z,"","Columbia",0.772,0.826,0,-5.135,1,0.0344,0.0176,0.00000856,0.383,0.871,119.995,4
spotify:track:42Gs4HJ9xrExb8vp2lMlLg,"Happy Little Pill","TRXYE","Troye Sivan",2014-08-15,224874,0,false,quirky613,2026-06-26T00:29:56Z,"singer-songwriter","Universal Music Group",0.567,0.593,4,-7.127,0,0.0375,0.000848,0.00000209,0.114,0.0398,91.703,4
spotify:track:1eyzqe2QqGZUmfcPZtrIyt,"Midnight City","Hurry Up, We're Dreaming","M83",2011,241440,76,false,quirky613,2026-06-26T00:30:28Z,"","Mute",0.526,0.712,11,-6.525,0,0.0356,0.0161,0,0.179,0.32,105.009,4
spotify:track:7edhrnQ7AlP5QHYcWmM3hj,"Close To You","Picture Show","Neon Trees",2012-01-01,305893,12,false,quirky613,2026-06-26T00:30:36Z,"tropical house","Mercury Records",0.611,0.807,9,-5.511,0,0.028,0.0168,0.0878,0.104,0.309,120,4
spotify:track:53DQxEQGxxgvVKzy6fCVuM,"Weekend","Picture Show","Neon Trees",2012-01-01,275226,10,false,quirky613,2026-06-26T13:18:38Z,"tropical house","Mercury Records",0.463,0.933,2,-4.198,1,0.08,0.000277,0.00000274,0.318,0.413,138.076,4
spotify:track:0gplL1WMoJ6iYaPgMCL0gX,"Easy On Me","Easy On Me","Adele",2021-10-14,224694,79,false,quirky613,2026-06-26T20:38:06Z,"chillwave,downtempo,idm,ambient","Columbia",0.604,0.366,5,-7.519,1,0.0282,0.578,0,0.133,0.13,141.981,4
spotify:track:3NFuE3uDOr6QUw9UZ9HzKo,"Sugar (feat. Francesco Yates)","Sugar (feat. Francesco Yates)","Robin Schulz;Francesco Yates",2015-07-17,219043,55,false,quirky613,2026-06-26T20:41:27Z,"lo-fi hip hop,lo-fi,lo-fi beats","Tonspiel",0.636,0.815,5,-5.098,0,0.0581,0.0185,0,0.163,0.636,123.063,4
spotify:track:5BArc3UpONi77FMkNT4LYU,"Producer Man","Producer Man","Lyn Lapid",2020-10-14,141672,52,false,quirky613,2026-06-26T20:41:51Z,"lo-fi hip hop,lo-fi,lo-fi beats","Republic Records",0.66,0.639,10,-5.364,0,0.223,0.129,0,0.256,0.75,173.994,4
spotify:track:5XY9FK0mB0BS0u8YB2ehN9,"Mona Lisas And Mad Hatters","Honky Chateau","Elton John",1972-05-19,300506,63,false,quirky613,2026-06-26T20:42:36Z,"soft pop","EMI",0.512,0.347,0,-11.222,1,0.0361,0.853,0.0000867,0.106,0.41,128.531,4
spotify:track:3D47LDGgt14vVllOnGJfyU,"Postcards in the Sky","Postcards in the Sky","David Archuleta",2017-10-20,226853,24,false,quirky613,2026-06-26T20:43:25Z,"indie","Archie Music / Tone Tree Music",0.62,0.565,10,-6.526,1,0.0288,0.0378,0,0.129,0.413,86.004,4
spotify:track:0MapNHMWTAIM2ya9ajtC6E,"Over the rainbow","Over the rainbow","Lofi Fruits Music;Formal Chicken;Avocuddle",2020-02-14,106045,0,false,quirky613,2026-06-26T20:43:47Z,"bedroom pop","Strange Fruits",0.704,0.191,0,-15.343,1,0.0491,0.907,0.912,0.0699,0.297,79.971,4
spotify:track:6ClIQloyLpNwpSCQFESvbH,"If You Want It","BA3","Yung Bae",2016-08-04,184320,0,false,quirky613,2026-06-26T20:43:47Z,"","The Future of Funk",0.765,0.873,8,-9.322,0,0.0458,0.0153,0.599,0.0758,0.872,124.986,4
spotify:track:26JfvzihGUTJs8vFEi4Nkn,"Sleepy Little One","Kingdom in Blue","Kupla",2020-02-29,153846,0,false,quirky613,2026-06-26T20:45:24Z,"","ChilledCow Records",0.58,0.439,6,-11.073,0,0.0531,0.793,0.643,0.707,0.134,77.996,4
spotify:track:0Lhy1sDDdtUFY2pyq2ZVi9,"Hit Me Up","Hit Me Up","Omar Apollo;Dominic Fike;Kenny Beats",2019-11-05,160000,0,true,quirky613,2026-06-26T20:46:13Z,"lo-fi hip hop,lo-fi","Omar Apollo",0.773,0.62,9,-5.252,1,0.103,0.363,0.00000237,0.175,0.624,84.975,4
spotify:track:1595LW73XBxkRk2ciQOHfr,"A-Punk","Vampire Weekend","Vampire Weekend",2008-01-29,137760,4,false,quirky613,2026-06-26T20:48:05Z,"","XL Recordings",0.548,0.816,2,-4.478,1,0.0499,0.0104,0.0543,0.152,0.857,174.993,4
spotify:track:5JtPGzRgrWxkXX9LoROq3d,"1901","Wolfgang Amadeus Phoenix","Phoenix",2009-01-01,193106,1,false,quirky613,2026-06-26T20:48:05Z,"","Glassnote",0.604,0.825,0,-5.373,1,0.0429,0.0564,0.000058,0.192,0.707,144.085,4
spotify:track:4Xx0J00u90QvnG3rwz4Itp,"Adderall","Adderall","Max Frost",2016-10-14,218025,55,false,quirky613,2026-06-26T20:48:05Z,"","Atlantic Records",0.681,0.891,6,-4.28,1,0.0408,0.000672,0.00000107,0.0631,0.556,100.008,4
spotify:track:0zU2NTeAeyzTX53RwiTWN5,"Back Seat","When It Was Now (Deluxe Edition)","Atlas Genius",2013-02-19,183026,30,false,quirky613,2026-06-26T20:48:05Z,"indie,indie rock","Warner Records",0.783,0.682,10,-5.948,1,0.0379,0.033,0.0152,0.111,0.939,130.011,4
spotify:track:1gpBDeONibvJyQYEv5HJh9,"Drop the Guillotine","Being So Normal","Peach Pit",2018-06-28,219960,60,false,quirky613,2026-06-26T20:48:05Z,"","Columbia",0.514,0.881,0,-6.52,1,0.0629,0.0381,0.00000955,0.103,0.577,87.541,4
spotify:track:59CzyyXjbOfTxfsv5MnBOV,"Fred Astaire","San Cisco","San Cisco",2012,174586,34,false,quirky613,2026-06-26T20:48:05Z,"folk pop","Fat Possum Records/RCA Records",0.643,0.676,9,-6.091,1,0.0394,0.0338,0,0.0804,0.62,104.844,4
spotify:track:4Pvqwce57Lw6SvPievUC3R,"Hiccups","Hiccups","WATERS",2017-02-17,191653,0,false,quirky613,2026-06-26T20:48:05Z,"","Vagrant Records",0.541,0.778,10,-2.831,1,0.0282,0.0802,0,0.784,0.761,86.027,4
spotify:track:5Fli1xRi01bvCjsZvKWro0,"Houdini","Torches","Foster The People",2011-05-23,202466,70,false,quirky613,2026-06-26T20:48:05Z,"","Columbia",0.632,0.908,8,-3.511,1,0.0458,0.00762,0.000172,0.167,0.764,110.024,4
spotify:track:3gM7tsNjkOnuswaPgncLJY,"If So","When It Was Now (Deluxe Edition)","Atlas Genius",2013-02-19,180053,36,false,quirky613,2026-06-26T20:48:05Z,"indie,indie rock","Warner Records",0.646,0.698,7,-5.019,1,0.0345,0.000177,0.00000336,0.323,0.645,125.022,4
spotify:track:1dv9NZzzUeuMRwqqnsWbyW,"All Day All Night","Daybreaker","Moon Taxi",2015-10-02,231366,0,false,quirky613,2026-06-26T20:48:05Z,"bedroom pop","BMG Rights Management (US) LLC",0.549,0.946,2,-3.567,1,0.043,0.0155,0.00238,0.109,0.364,105.22,4
spotify:track:2UMP7bjX5gXfMa2rOj9vxv,"Apartment","Young The Giant","Young the Giant",2011,235800,37,false,quirky613,2026-06-26T20:48:05Z,"indie folk,folk,indie","Roadrunner Records",0.57,0.733,2,-7.194,1,0.0306,0.00686,0.000131,0.21,0.334,109.97,4
spotify:track:3huV7eiNpaQlCB3LbZi9bB,"Bad Habit","Listen","The Kooks",2014-01-01,221413,64,false,quirky613,2026-06-26T20:48:05Z,"","Virgin Records Ltd",0.733,0.882,0,-4.199,0,0.0389,0.051,0.00000992,0.131,0.854,123.071,4
spotify:track:33OdSmu4AdBViAXDbCEqK3,"Breezeblocks","An Awesome Wave (Deluxe Version)","alt-J",2012-10-22,227080,0,false,quirky613,2026-06-26T20:48:05Z,"indie pop","Infectious",0.609,0.642,5,-7.337,1,0.0341,0.11,0.000986,0.172,0.296,150.087,4
spotify:track:7GJClzimvMSghjcrKxuf1M,"Budapest","Wanted on Voyage","George Ezra",2014-06-27,200720,4,false,quirky613,2026-06-26T20:48:05Z,"","Columbia",0.714,0.451,5,-8.268,1,0.0276,0.0883,0,0.108,0.406,127.787,4
spotify:track:6zQyu8L8yUuJkl6LbQ6iKU,"Cardiac Arrest","Language & Perspective","Bad Suns",2014-07-01,182518,0,false,quirky613,2026-06-26T20:48:05Z,"","Vagrant Records",0.616,0.88,1,-3.59,1,0.042,0.0521,0.000717,0.0539,0.751,94.011,4
spotify:track:6acDlNeA06MCVCzsTVGr9V,"Cocoon","Blossom (Deluxe)","Milky Chance",2017-03-17,255160,61,false,quirky613,2026-06-26T20:48:05Z,"","Universal Records",0.743,0.659,10,-6.755,1,0.0343,0.0998,0.00028,0.0622,0.804,114.033,4
spotify:track:1UqhkbzB1kuFwt2iy4h29Q,"Cough Syrup","Young The Giant (Special Edition)","Young the Giant",2011,249520,74,false,quirky613,2026-06-26T20:48:05Z,"indie folk,folk,indie","Roadrunner Records",0.534,0.721,11,-7.307,0,0.0417,0.0343,0.00000624,0.115,0.225,128.978,3
spotify:track:4EZ9dcxGnRMqBxcYQVm7jE,"Devil","Devil","Lydia",2013-03-19,235500,0,false,quirky613,2026-06-26T20:48:05Z,"","lydia",0.463,0.918,0,-4.476,1,0.0527,0.103,0.0213,0.284,0.266,120.026,4
spotify:track:7N2DblLu8DuZ0seGYSg73v,"The Future Freaks Me Out","I Am The Movie","Motion City Soundtrack",2003-06-24,216666,53,false,quirky613,2026-06-26T20:48:05Z,"","Epitaph",0.661,0.874,5,-5.904,0,0.0456,0.0168,0,0.41,0.682,127.915,4
spotify:track:0N4RL8OFtthWHPY7QuRywo,"Heartbreaker","Disappear Here","Bad Suns",2016-09-16,206066,0,false,quirky613,2026-06-26T20:48:05Z,"","Vagrant Records",0.667,0.796,1,-4.653,1,0.031,0.0173,0.000471,0.116,0.666,88.479,4
spotify:track:2S4CfxZG29GZWwDeMtBq2R,"I Just Wanna Run","Best I Never Had","The Downtown Fiction",2010-03-23,199959,49,false,quirky613,2026-06-26T20:48:05Z,"","Photo Finish/Atlantic",0.669,0.667,4,-3,1,0.0511,0.00769,0,0.0983,0.69,128.103,4
spotify:track:407vJkfEQMGDu1MVCWNnMX,"I'm Not Over","Coming To Terms","Carolina Liar",2008-05-03,201626,55,false,quirky613,2026-06-26T20:48:05Z,"bedroom pop,indie pop","Atlantic Records",0.533,0.903,11,-2.984,1,0.0797,0.000742,0.0777,0.0641,0.476,130.989,4
spotify:track:1BwhFXqoIsePt21WyWIttb,"I Wanna Get Better","Strange Desire","Bleachers",2014-07-14,204520,66,false,quirky613,2026-06-26T20:48:05Z,"","RCA Records Label",0.446,0.915,9,-6.221,1,0.141,0.00281,0.0000387,0.218,0.398,190.013,4
spotify:track:2jZgzSxNSg1hTCq0ewWHGJ,"Junk Of The Heart (Happy)","Junk Of The Heart","The Kooks",2011-01-01,187253,65,false,quirky613,2026-06-26T20:48:05Z,"","Virgin",0.604,0.894,2,-5,1,0.037,0.0212,0,0.0299,0.901,145.017,4
spotify:track:0b1kU7KgZSnH7n7TBy921o,"Kids Again","Medicine","Artist Vs Poet",2014-12-16,216637,47,false,quirky613,2026-06-26T20:48:05Z,"","Independent",0.737,0.535,10,-7.587,1,0.0277,0.199,0,0.117,0.556,113.029,4
spotify:track:4iEOVEULZRvmzYSZY2ViKN,"Left Hand Free","This Is All Yours","alt-J",2014-09-22,173630,74,false,quirky613,2026-06-26T20:48:05Z,"indie pop","Canvasback/ATL",0.697,0.877,3,-4.465,1,0.0462,0.462,0.00943,0.083,0.802,101.99,4
spotify:track:6oM6iyTkHlec9kaiRlwelM,"Lessons In Love (All Day, All Night)","Picture Show","Neon Trees;Kaskade",2012-01-01,223280,17,false,quirky613,2026-06-26T20:48:05Z,"tropical house,indie","Mercury Records",0.611,0.838,7,-4.471,1,0.0344,0.000217,0.0105,0.109,0.535,128.016,4
spotify:track:1KhvUPSCzhKTjKzA8Y5xJr,"Lovely","Chroma","Mt. Eddy",2017-06-15,203098,40,true,quirky613,2026-06-26T20:48:05Z,"pop punk,emo","Uncool Records",0.419,0.778,9,-4.274,1,0.0416,0.339,0,0.334,0.585,168.448,4
spotify:track:2PjF3qeWeC9RPvmEnjbycW,"Make Your Mind Up","Daybreaker","Moon Taxi",2015-10-02,213066,0,false,quirky613,2026-06-26T20:48:05Z,"bedroom pop","BMG Recorded Music",0.746,0.839,9,-4.156,0,0.0298,0.0046,0.0000931,0.0897,0.757,121.923,4
spotify:track:5Az8KU81g2aLBbJN67F2CI,"Mind Over Matter","Mind Over Matter","Young the Giant",2014-01-17,244693,75,false,quirky613,2026-06-26T20:48:05Z,"indie folk,folk,indie","Fueled By Ramen",0.466,0.763,0,-4.448,1,0.0318,0.000501,0,0.0973,0.293,154.914,4
spotify:track:1iyYqtHB4w5Jl2BGx71emK,"Molecules - Single Version","Molecules","Atlas Genius",2015-06-23,249266,44,false,quirky613,2026-06-26T20:48:05Z,"indie,indie rock","Warner Records",0.542,0.81,1,-4.822,0,0.044,0.000442,0.00000971,0.195,0.513,117.028,4
spotify:track:0vAb3U3NJhiuib2B7sJdeJ,"Money","Portamento","The Drums",2011-09-06,233655,0,false,quirky613,2026-06-26T20:48:05Z,"","Frenchkiss Records",0.603,0.918,4,-6.652,0,0.0641,0.216,0.146,0.287,0.452,102.473,4
spotify:track:30lgD1UuHczwlxa7NZFeSQ,"Morocco","Mountains Beaches Cities","Moon Taxi",2013-09-10,208080,0,false,quirky613,2026-06-26T20:48:05Z,"bedroom pop","BMG Rights Management",0.616,0.894,1,-3.209,0,0.0508,0.0178,0.000103,0.153,0.542,115.077,4
spotify:track:1KDYN3odJHnj9pqGHN3FVs,"My Body","Young The Giant (Special Edition)","Young the Giant",2011,244400,58,false,quirky613,2026-06-26T20:48:05Z,"indie folk,folk,indie","Roadrunner Records",0.488,0.909,10,-6.591,1,0.0929,0.0011,0.0000102,0.456,0.643,129.774,4
spotify:track:18ycL9Q5zLDeY9M2Lr3Ozw,"Mykonos","Sun Giant","Fleet Foxes",2008-02-28,275306,0,false,quirky613,2026-06-26T20:48:05Z,"alternative rock","Sub Pop",0.3,0.452,11,-9.298,1,0.0305,0.395,0.000818,0.137,0.342,82.988,4
spotify:track:7BHPGtpuuWWsvE7cCaMuEU,"Naive","Inside In / Inside Out","The Kooks",2006-01-01,203506,80,false,quirky613,2026-06-26T20:48:05Z,"","Virgin Records",0.394,0.808,8,-6.209,0,0.0853,0.0759,0,0.149,0.736,100.649,4
spotify:track:4Y4PDcKtNQFAusZcDHULPk,"New Skin","What a Drag","Beach Weather",2015-08-28,224566,0,false,quirky613,2026-06-26T20:48:05Z,"","8123",0.571,0.719,2,-6.118,1,0.101,0.0157,0.0000262,0.0639,0.667,97.494,4
spotify:track:277XsneDiv30dhONPCOmrF,"Off She Goes","Disappear Here","Bad Suns",2016-09-16,236440,0,false,quirky613,2026-06-26T20:48:05Z,"","Vagrant Records",0.621,0.843,6,-5.412,1,0.0315,0.0874,0.000196,0.106,0.445,132.01,4
spotify:track:6TGapnqEUkkSBanKyn5qYy,"OutRight","Phantom Pop","Wild Party",2014-10-07,162453,48,false,quirky613,2026-06-26T20:48:05Z,"","Fearless Records",0.546,0.823,2,-4.979,1,0.0608,0.000791,0,0.0502,0.569,147.951,4
spotify:track:2Ml0l8YWJLQhPrRDLpQaDM,"Oxford Comma","Vampire Weekend","Vampire Weekend",2008-01-29,195733,0,true,quirky613,2026-06-26T20:48:05Z,"","XL Recordings",0.694,0.711,0,-4.237,1,0.0517,0.114,0.00124,0.0433,0.974,119.516,4
spotify:track:6kF2DYkORE9d17oPFomMPJ,"Paris","Before the Waves","Magic Man",2013,232746,37,true,quirky613,2026-06-26T20:48:05Z,"","Neon Gold/Columbia",0.472,0.881,2,-5.252,1,0.0524,0.0876,0,0.0698,0.502,178.858,4
spotify:track:0pa1iFLMfXO2IcJkMjXiEn,"Perfect People","Perfect People","courtship.",2017-06-21,209028,0,false,quirky613,2026-06-26T20:48:05Z,"","courtship.",0.648,0.961,11,-2.108,0,0.0454,0.00507,0.00868,0.303,0.937,125.971,4
spotify:track:5PtEpuVX03k9bOUwilL5EO,"Punching In A Dream","Passive Me, Aggressive You","The Naked And Famous",2010,238133,22,false,quirky613,2026-06-26T20:48:05Z,"","Polydor Records",0.473,0.883,6,-3.65,1,0.047,0.00201,0.000967,0.142,0.164,115.048,4
spotify:track:6q4h8vUTZcpr51dxAZ4Ws9,"Red Hot Lights","Daybreaker","Moon Taxi",2015-10-02,210906,0,false,quirky613,2026-06-26T20:48:05Z,"bedroom pop","BMG Recorded Music",0.603,0.865,8,-3.02,0,0.0383,0.00986,0.0005,0.109,0.546,122.984,4
spotify:track:5L95vS64rG1YMIFm1hLjyZ,"Rollercoaster","Strange Desire","Bleachers",2014-07-14,188866,68,false,quirky613,2026-06-26T20:48:05Z,"","RCA Records Label",0.421,0.79,10,-6.227,1,0.0538,0.00205,0.000309,0.148,0.279,162.024,4
spotify:track:6lqKqq36DCf9dX1mTHRBk9,"Savannah","Daybreaker","Moon Taxi",2015-10-02,261906,0,false,quirky613,2026-06-26T20:48:05Z,"bedroom pop","BMG Recorded Music",0.593,0.918,10,-3.776,1,0.0386,0.0266,0.0316,0.343,0.881,150.012,4
spotify:track:2J3n32GeLmMjwuAzyhcSNe,"Say It, Just Say It","Waiting For The Dawn","The Mowgli's",2013-01-01,200080,48,false,quirky613,2026-06-26T20:48:05Z,"pop punk","Photo Finish / Republic Records",0.517,0.804,6,-5.101,1,0.0572,0.0656,0,0.157,0.61,157.974,4
spotify:track:3q8h28WsxkdRKAtkHNa6zR,"She Changes the Weather","Where the Heaven Are We","Swim Deep",2013-08-05,275426,36,false,quirky613,2026-06-26T20:48:05Z,"","RCA Records Label",0.478,0.607,7,-7.717,1,0.0284,0.0484,0.0633,0.11,0.333,111.709,4
spotify:track:2SGBEDwsOAOAHrrdAd304i,"She Moves In Her Own Way","Inside In / Inside Out","The Kooks",2006-01-01,169306,59,false,quirky613,2026-06-26T20:48:05Z,"","Virgin Records",0.431,0.81,7,-5.379,1,0.066,0.276,0,0.0906,0.795,76.412,4
spotify:track:2h8iXIwEdEnQywhFC4q5e5,"Show Me What I'm Looking For","Coming To Terms","Carolina Liar",2008-05-03,240466,61,false,quirky613,2026-06-26T20:48:05Z,"bedroom pop,indie pop","Atlantic Records",0.449,0.864,9,-1.159,0,0.0378,0.0133,0.00000131,0.0984,0.355,105.121,4
spotify:track:612JlaWJl5l6VIrcBck5QB,"Silhouettes","When I Was Younger","Colony House",2014-07-22,177773,0,false,quirky613,2026-06-26T20:48:05Z,"","Descendant Records",0.479,0.759,8,-6.82,1,0.0385,0.0137,0,0.093,0.574,164.997,4
spotify:track:1lDWb6b6ieDQ2xT7ewTC3G,"Somebody Told Me","Hot Fuss","The Killers",2004-06-15,197160,2,false,quirky613,2026-06-26T20:48:05Z,"midwest emo","Universal Music Group",0.51,0.981,10,-3.191,0,0.0901,0.0000776,0.00142,0.111,0.723,138.039,4
spotify:track:2947Y07If3YbnD7Jqnu5Pm,"Spaceman","Direct Hits","The Killers",2013-01-01,285346,36,false,quirky613,2026-06-26T20:48:05Z,"midwest emo","Island Records",0.525,0.923,4,-4.293,1,0.0566,0.00326,0.000523,0.105,0.815,152.026,4
spotify:track:3EB5N4DHgM7Ktk8yy1EgYY,"Stockholm","Stockholm","Atlas Genius",2015-07-17,191640,36,false,quirky613,2026-06-26T20:48:05Z,"indie,indie rock","Warner Records",0.568,0.746,7,-5.437,1,0.0462,0.0054,0,0.162,0.409,125.04,4
spotify:track:0ss0kHjFT0hwydeIrxm6w6,"Paris","Velvet","Fickle Friends",2015-05-25,156407,0,false,quirky613,2026-06-26T20:48:51Z,"bedroom pop","B3SCI Records",0.588,0.54,7,-7.725,1,0.0288,0.0616,0.425,0.144,0.347,94.013,4
spotify:track:1uAtrbR4u7yLMVsW8ktTsz,"Shake Her","Velvet","Fickle Friends",2015-05-25,159951,0,false,quirky613,2026-06-26T20:48:51Z,"bedroom pop","B3SCI Records",0.637,0.874,4,-4.613,1,0.0376,0.141,0.00158,0.416,0.836,119.995,4
spotify:track:04UVqH7qE1vPhtuN9kud5E,"Last Love Song","Til the Casket Drops","ZZ Ward",2012-01-01,210960,36,false,quirky613,2026-06-26T20:51:19Z,"dream pop,shoegaze,jangle pop,indie","Hollywood Records",0.64,0.492,3,-6.2,1,0.0273,0.652,0,0.126,0.51,109.837,4
spotify:track:1GU6oaDhWaypMzfP51BYKo,"Fvck Somebody","Infinitely Ordinary","The Wrecks",2020-05-01,181267,51,true,quirky613,2026-06-26T20:53:42Z,"","Big Noise Music Group",0.574,0.624,6,-4.239,0,0.039,0.0233,0,0.504,0.555,142.09,4
spotify:track:4fh4Zjs8KY4LfVUf3JnweG,"In Undertow","In Undertow","Alvvays",2017-06-07,197186,0,false,quirky613,2026-06-26T20:53:52Z,"","Transgressive",0.365,0.691,1,-2.624,1,0.0444,0.000136,0.00372,0.101,0.272,116.963,4
spotify:track:2pA4ip3VIEVcIa3qE02oAX,"10,000 Emerald Pools","Dopamine","BØRNS",2015-10-16,174693,70,false,quirky613,2026-06-26T20:55:10Z,"","UMGRI Interscope",0.568,0.578,6,-5.589,1,0.0404,0.00694,0.000353,0.099,0.555,139.951,4
spotify:track:5jr6pG3khBcBXZRm8NogSe,"Baby I'm Yours","Baby I'm Yours","Breakbot;Irfane",2010-02-15,215786,62,false,quirky613,2026-06-26T20:55:26Z,"french house,nu disco","Ed Banger Records",0.831,0.794,2,-3.701,0,0.0752,0.705,0.000034,0.0978,0.735,118.075,4
spotify:track:3eLfICfDzCQrP8pOajVGiJ,"Sneakers","Sneakers","Knox",2022-08-05,184285,0,true,quirky613,2026-06-26T20:56:55Z,"vaporwave","Barbershop Records",0.614,0.693,1,-4.976,1,0.0535,0.0503,0,0.287,0.951,168.06,4
spotify:track:6dDx0UwyR8bL64xRfr2XI5,"Not The 1975","Not The 1975","Knox",2023-07-14,198022,0,false,quirky613,2026-06-26T20:57:55Z,"vaporwave","Atlantic Records",0.674,0.915,10,-4.517,1,0.0506,0.11,0,0.17,0.927,133.931,4
spotify:track:755inykyaG4w22GWAsA3MX,"Marlboro Nights","Marlboro Nights","Lonely God",2018-06-28,68522,71,false,quirky613,2026-06-26T21:00:35Z,"edm","Pizzaslime Records",0.466,0.823,2,-6.635,1,0.311,0.00237,0.000321,0.332,0.782,175.797,4
spotify:track:0SIAFU49FFHwR3QnT5Jx0k,"Chinese New Year","Chinese New Year","SALES",2014-01-31,160000,69,false,quirky613,2026-06-26T21:00:40Z,"indie,indie rock","SALES",0.744,0.845,4,-7.422,0,0.253,0.759,0.232,0.1,0.749,75.221,4
spotify:track:6g3XrmNrWVa33dZuxIhMbF,"Way Less Sad","OK ORCHESTRA","AJR",2021-03-26,206108,1,false,quirky613,2026-06-26T21:01:08Z,"french house,nu disco","S-Curve Records",0.701,0.547,2,-8.238,1,0.0483,0.00843,0,0.0987,0.4,140.015,4
spotify:track:6Xve7pWqzW6CQV8mlXzpBe,"Strawberry Sunscreen","Valleyheart","Lostboycrow",2021-01-29,129000,55,false,quirky613,2026-06-26T21:02:47Z,"","Nettwerk Music Group",0.688,0.678,8,-3.903,1,0.0348,0.0359,0,0.0331,0.909,120.058,4
spotify:track:4P3mcaMeif02CSqx6MAleZ,"Just the Right Song","The Modern Western World","Vansire",2022-05-12,186253,56,false,quirky613,2026-06-26T21:03:44Z,"","Vansire",0.689,0.534,6,-10.335,1,0.0325,0.727,0.00174,0.11,0.48,100.746,4
spotify:track:6FBzhcfgGacfXF3AmtfEaX,"C U Girl","C U Girl","Steve Lacy",2015-02-15,129697,79,false,quirky613,2026-06-26T21:03:48Z,"","L-M Records",0.414,0.473,11,-8.911,0,0.116,0.663,0.0523,0.128,0.409,100,4
spotify:track:2xhGZ3WzOa3tir28y7Cb88,"Falling for U","Falling for U","Peachy!;mxmtoon",2017-08-14,124000,68,false,quirky613,2026-06-26T21:04:25Z,"pop punk","Peachy!",0.719,0.36,6,-12.034,1,0.398,0.748,0.00000218,0.0812,0.409,80.184,4
spotify:track:6R5fYCySNHrqo4Og6O1ppn,"Steal The Show - From ""Elemental""","Steal The Show (From ""Elemental"")","LAUV",2023-06-02,191779,50,false,quirky613,2026-06-26T21:08:40Z,"acoustic pop","Walt Disney Records",0.62,0.64,7,-7.308,1,0.0305,0.341,0.00125,0.14,0.409,92.522,4
spotify:track:7ukwLZdHWlFZ8mrIYw8xbX,"Casin","Points of Interest","glue70",2016-09-03,106153,58,false,quirky613,2026-06-26T21:09:19Z,"","glue70",0.964,0.658,0,-6.896,1,0.22,0.0734,0.0348,0.0706,0.731,104.024,4
spotify:track:0wfaxt9dqAc7mUF36U11dw,"I Will Spend My Whole Life Loving You","All My Love","Imaginary Future;Kina Grannis",2018-04-06,227619,55,false,quirky613,2026-06-26T21:09:32Z,"indie","Endurance Music Group / The Fuel Music",0.636,0.129,11,-17.074,1,0.0347,0.887,0,0.0719,0.299,125.798,4
spotify:track:161DnLWsx1i3u1JT05lzqU,"Talking to the Moon","Doo-Wops & Hooligans","Bruno Mars",2010-05-11,217866,86,false,quirky613,2026-06-26T21:10:04Z,"indie","Atlantic Records",0.498,0.59,1,-4.721,0,0.032,0.511,0,0.107,0.0784,145.867,4
spotify:track:1RMJOxR6GRPsBHL8qeC2ux,"Best Part (feat. H.E.R.)","Freudian","Daniel Caesar;H.E.R.",2017-08-25,209831,12,false,quirky613,2026-06-26T21:10:14Z,"pop punk","Golden Child Recordings",0.524,0.364,7,-10.209,1,0.0367,0.808,0,0.1,0.436,75.24,4
spotify:track:7sq2z9oX2S0CvgTqCZ0ko4,"Strange","Not Your Muse (Deluxe)","Celeste",2021-01-29,255986,75,false,quirky613,2026-06-26T21:11:22Z,"indie","Polydor Records",0.286,0.0847,2,-9.883,1,0.0397,0.934,0.00000694,0.121,0.112,70.743,4
spotify:track:2kSb3wYSOV996xA2NSmpck,"Melting","Por Vida","Kali Uchis",2015-02-04,208853,15,false,quirky613,2026-06-26T21:11:30Z,"","Kali Uchis LLC",0.574,0.479,8,-7.776,1,0.0355,0.179,0.0803,0.106,0.303,115.263,4
spotify:track:5odlY52u43F5BjByhxg7wg,"golden hour","this is what ____ feels like (Vol. 1-4)","JVKE",2022-09-23,209259,82,false,quirky613,2026-06-26T21:12:44Z,"blues rock,garage rock,modern blues,rock","JVKE",0.515,0.593,4,-4.801,1,0.0322,0.653,0.162,0.25,0.153,94.467,3
spotify:track:7LVHVU3tWfcxj5aiPFEW4Q,"Fix You","X&Y","Coldplay",2005-06-07,295533,87,false,quirky613,2026-06-26T21:13:04Z,"lo-fi,lo-fi beats,jazz house,lo-fi hip hop,jazz beats","Parlophone Records Limited",0.209,0.417,3,-8.74,1,0.0338,0.164,0.00196,0.113,0.124,138.178,4
spotify:track:5VXGST45fihtSA7FWCmEGf,"warm blood","come out. you're hiding","flor",2017-05-19,247506,0,false,quirky613,2026-06-26T21:14:02Z,"","Fueled By Ramen",0.562,0.748,3,-5.852,1,0.0281,0.00989,0.00188,0.0793,0.46,142.057,4
spotify:track:5w7ZSNKnlG4gkhxSZydh8R,"Zebra","Teen Dream","Beach House",2010-01-26,288720,0,false,quirky613,2026-06-26T21:14:02Z,"pop punk","Sub Pop Records",0.612,0.476,8,-8.256,1,0.0275,0.861,0.00401,0.147,0.257,118.383,3
spotify:track:6Drh25cclvIvKj2xyzqiwp,"Weekend","Weekend","Priory",2014-06-30,241574,34,false,quirky613,2026-06-26T21:14:02Z,"","Warner Records",0.6,0.817,7,-6.401,1,0.0642,0.0696,0,0.133,0.652,151.95,4
spotify:track:4plUyJmmss4f33YoumBcOC,"Wolf","What a Drag","Beach Weather",2015-08-28,238167,0,false,quirky613,2026-06-26T21:14:02Z,"","8123",0.683,0.689,4,-5.442,0,0.0293,0.101,0.00282,0.0886,0.657,93.012,4
spotify:track:1280ebYtTct0ytDEZdrcvQ,"Swoon","What a Drag","Beach Weather",2015-08-28,221925,0,false,quirky613,2026-06-26T21:14:02Z,"","8123",0.668,0.67,6,-5.919,0,0.0486,0.262,0.00942,0.119,0.654,92.016,4
spotify:track:68fXn0TVggt7Gr0sPbBuI5,"YOUTH","Blue Neighbourhood (Deluxe)","Troye Sivan",2015-12-04,185194,0,false,quirky613,2026-06-26T21:14:02Z,"singer-songwriter","Universal Music Group",0.624,0.757,7,-4.461,1,0.0422,0.0521,0,0.0766,0.588,91.513,4
spotify:track:4Sfa7hdVkqlM8UW5LsSY3F,"Take a Walk","Gossamer","Passion Pit",2012-07-23,264546,68,false,quirky613,2026-06-26T21:14:02Z,"","Columbia",0.566,0.755,11,-5.526,1,0.0368,0.0338,0,0.315,0.445,101.006,4
spotify:track:3dXjAh7UEuCJnLIeFKNkxd,"Throw Shade","Throw Shade","CRUISR",2015-07-17,172986,0,false,quirky613,2026-06-26T21:14:02Z,"lo-fi hip hop,lo-fi,lo-fi beats","Vagrant Records",0.559,0.784,7,-7.051,1,0.0428,0.0138,0,0.0619,0.867,160.017,4
spotify:track:0oEweHsuQagFuqXct9UvBm,"What You Know","Tourist History","Two Door Cinema Club",2010-04-27,191426,1,false,quirky613,2026-06-26T21:14:02Z,"","LAB 344",0.549,0.755,6,-3.991,0,0.0403,0.000741,0.00000606,0.0786,0.818,139.034,4
spotify:track:3IpWBLcLzwWtVUaSboaww8,"WILD","WILD","Troye Sivan;Alessia Cara",2016-06-23,219491,0,false,quirky613,2026-06-26T21:14:02Z,"singer-songwriter","EMI",0.627,0.808,0,-5.051,0,0.0813,0.0854,0,0.178,0.551,93.954,4
spotify:track:39OJhQWyBJteRK1elY7VJA,"2AM","2AM","Landon Conrath",2021-10-15,153697,51,false,quirky613,2026-06-26T21:14:14Z,"","Nettwerk Music Group",0.701,0.713,7,-7.044,1,0.0391,0.109,0.143,0.0825,0.978,154.016,4
spotify:track:0scQIzgcOhnmfqfOTpRUFH,"Suicide Saturday","Bashful Creatures","Hippo Campus",2015-02-24,212885,0,false,quirky613,2026-06-26T21:14:14Z,"","Grand Jury Music",0.443,0.719,5,-5.555,1,0.033,0.0225,0,0.227,0.559,155.895,4
spotify:track:22fyIkEu3TDeNKjlOMu9Mi,"This Is The End","Can't Stop Won't Stop","The Maine",2008-07-08,174000,0,false,quirky613,2026-06-26T21:14:14Z,"","Fearless Records",0.518,0.801,8,-4.117,1,0.0352,0.113,0,0.22,0.684,130.004,4
spotify:track:5zXvIVOjU48L8TDnrnuvmg,"Using","Joy, Departed","Sorority Noise",2015-06-16,164373,0,false,quirky613,2026-06-26T21:14:14Z,"midwest emo,folk punk,indie punk,emo","Topshelf Records",0.741,0.526,1,-7.001,0,0.052,0.217,0.00000361,0.185,0.548,119.944,4
spotify:track:2on7Fof01DmUW0hrkIc6tz,"Transpose","Language & Perspective","Bad Suns",2014-07-01,233054,0,false,quirky613,2026-06-26T21:14:14Z,"","Vagrant",0.622,0.92,10,-3.224,0,0.0633,0.0312,0.0000397,0.142,0.625,145.965,4
spotify:track:6sS0cYdBJCjTW9pgitwsCk,"White Lies - EP Version","Low High Low","Max Frost",2013-10-08,177834,47,false,quirky613,2026-06-26T21:14:14Z,"","Atlantic Records",0.695,0.878,1,-3.429,0,0.0441,0.153,0,0.0764,0.969,162.898,4
spotify:track:0GO8y8jQk1PkHzS31d699N,"Tongue Tied","Never Trust a Happy Song","GROUPLOVE",2011-09-02,218013,85,false,quirky613,2026-06-26T21:14:20Z,"","Canvasback/ATL",0.56,0.936,3,-5.835,1,0.0439,0.00847,0,0.161,0.371,112.96,4
spotify:track:48VtTuvimm7MdpKOtSHSXz,"Tell Me I'm A Wreck","Picture Perfect","Every Avenue",2009-11-03,219973,0,false,quirky613,2026-06-26T21:14:33Z,"","Fearless Records",0.578,0.764,5,-2.318,1,0.0335,0.00194,0,0.175,0.711,127.878,4
spotify:track:7FX3ZWE70VRjsprg5oeECc,"Talk Too Much","Talk Too Much","COIN",2016-05-06,187813,47,false,quirky613,2026-06-26T21:14:33Z,"bedroom pop","StarTime International/Columbia",0.598,0.914,4,-3.752,1,0.0878,0.0106,0.00000122,0.369,0.531,103.972,4
spotify:track:2NrCdk8AjZdTC50O5Efa6C,"Wolves (You Got Me)","This Album Does Not Exist","DREAMERS",2016-08-26,222266,41,true,quirky613,2026-06-26T21:14:33Z,"","Fairfax Recordings",0.492,0.98,11,-3.323,0,0.0564,0.0236,0.000666,0.326,0.466,144.057,4
spotify:track:2jE3wqMD0Btzsf3cxr0FhO,"Vowels (And the Importance of Being Me)","Vowels (And the Importance of Being Me)","HUNNY",2016-04-22,184435,0,false,quirky613,2026-06-26T21:14:33Z,"","HUNNY",0.485,0.877,4,-5.238,1,0.0537,0.00153,0.0000988,0.169,0.713,150.026,4
spotify:track:1UhP3hxXqqKwrOedzSKFfE,"What Am I Missing?","What Am I Missing?","The Band CAMINO",2023-04-21,172714,0,false,quirky613,2026-06-26T21:14:33Z,"","DBLBLK Records/Elektra",0.694,0.714,5,-6.771,0,0.0914,0.0138,0,0.0821,0.799,127.005,4
spotify:track:4AyoAGuhE8gydBPrczuhbl,"Trojans","When It Was Now (Deluxe Edition)","Atlas Genius",2013-02-19,217386,46,false,quirky613,2026-06-26T21:14:33Z,"indie,indie rock","Warner Records",0.721,0.822,7,-4.843,1,0.0391,0.0113,0.0000701,0.0898,0.536,140.002,4
spotify:track:0ZdMRk7rkQI2mhKyGTcAxz,"That '70s Song","Whisper War","The Cab",2008-04-07,213360,40,false,quirky613,2026-06-26T21:14:33Z,"","Decaydance/Fueled By Ramen/ATL",0.524,0.912,9,-2.326,0,0.0421,0.00142,0,0.525,0.596,118.966,4
spotify:track:1gR9y60Vr70iUtfC61JIXH,"T-Shirt Weather","Young Chasers","Circa Waves",2015-09-01,192120,0,false,quirky613,2026-06-26T21:14:33Z,"dream pop","EMI",0.422,0.95,4,-4.603,1,0.0661,0.00145,0.000011,0.245,0.472,160.02,4
spotify:track:4mOxpj82q6n3EO7HBZCelX,"Sunny Came Home","A Few Small Repairs","Shawn Colvin",1996-09-30,264200,59,false,quirky613,2026-06-26T21:17:06Z,"","Columbia",0.558,0.579,11,-8.05,0,0.0324,0.342,0.00831,0.0989,0.403,167.812,4
spotify:track:4kbz7rHVbyjKasuuqelccQ,"White Flag","Life For Rent","Dido",2003-09-29,240040,60,false,quirky613,2026-06-26T21:17:06Z,"","Arista",0.512,0.525,5,-6.823,1,0.0401,0.327,0.0000033,0.081,0.294,169.951,4
spotify:track:751gBcu62kORDelX7FV0mM,"Thank You","No Angel","Dido",1999-06-01,217826,62,false,quirky613,2026-06-26T21:17:06Z,"","Arista",0.722,0.595,1,-9.928,0,0.0415,0.284,0.00054,0.0694,0.738,79.981,4
spotify:track:2DnJjbjNTV9Nd5NOa1KGba,"You're So Vain","No Secrets","Carly Simon",1972,258411,80,false,quirky613,2026-06-26T21:17:06Z,"","Rhino/Elektra",0.66,0.68,0,-8.18,1,0.0313,0.153,0.0000067,0.0784,0.671,106.187,4
spotify:track:1SYXw0U7vE9BpUw5bEFvKw,"Who Will Save Your Soul","Pieces Of You","Jewel",1995,239293,0,false,quirky613,2026-06-26T21:17:06Z,"","Concord Music Group",0.686,0.467,7,-9.712,1,0.0419,0.704,0.00103,0.13,0.753,126.179,4
spotify:track:6hHUiDe461VUoTHnsplRYs,"What I Am","Shooting Rubberbands At The Stars","Edie Brickell & New Bohemians",1988-01-01,296360,64,false,quirky613,2026-06-26T21:17:06Z,"indie pop","Geffen",0.619,0.677,11,-11.728,0,0.0746,0.624,0.0000646,0.0589,0.571,177.873,4
spotify:track:64lav7jWJqd5P4oWm4Ova6,"Way Over Yonder","Tapestry","Carole King",1971,285586,50,false,quirky613,2026-06-26T21:17:06Z,"","Ode/Epic/Legacy",0.489,0.256,5,-11.819,0,0.0322,0.755,0.0000101,0.146,0.172,89.234,3
spotify:track:0APt4t1Dab58sYmGQ4jgij,"Where You Lead","Tapestry","Carole King",1971,199991,58,false,quirky613,2026-06-26T21:17:06Z,"","Ode/Epic/Legacy",0.784,0.459,0,-10.446,1,0.0304,0.763,0.00000129,0.0684,0.931,106.958,4
spotify:track:7qVd0TKcUDUdVaUogsGm4H,"Will You Love Me Tomorrow?","Tapestry","Carole King",1971,252276,56,false,quirky613,2026-06-26T21:17:06Z,"","Ode/Epic/Legacy",0.403,0.329,0,-12.847,1,0.0314,0.79,0.000384,0.102,0.243,159.443,4
spotify:track:0LXljhKMUgoLv8tLwZ1hmf,"(You Make Me Feel Like) A Natural Woman","Tapestry","Carole King",1971,227951,59,false,quirky613,2026-06-26T21:17:06Z,"","Ode/Epic/Legacy",0.624,0.158,9,-13.059,1,0.0289,0.953,0.00135,0.112,0.303,85.492,3
spotify:track:59CV2brtlJPtCUq4V5lT4Q,"I Say a Little Prayer","Jazz Covers of Pop Songs: Brand New Jazz and Lounge Arrangements of Hit Songs","Nora & Will",2017-06-26,169500,46,false,quirky613,2026-06-26T21:17:49Z,"","This is Acoustic",0.676,0.0812,4,-16.163,0,0.0926,0.887,0,0.0862,0.47,112.36,4
spotify:track:5Qt6ireK9HgLNTQHQswq6H,"Goodbye Yellow Brick Road - Live at the Variety Playhouse, Atlanta, GA - May 2013","Brave Enough: Live at the Variety Playhouse","Sara Bareilles",2013-10-22,314664,50,false,quirky613,2026-06-26T21:18:23Z,"","Epic",0.42,0.114,7,-11.69,0,0.0392,0.959,0.000122,0.781,0.168,113.221,4
spotify:track:3VlbOrM6nYPprVvzBZllE5,"Too Good At Goodbyes","The Thrill Of It All (Special Edition)","Sam Smith",2017-11-03,201000,2,false,quirky613,2026-06-26T21:19:34Z,"","Capitol",0.715,0.372,5,-8.237,1,0.0443,0.638,0,0.169,0.474,91.931,4
spotify:track:6jL1DEdjmOa27inIgU088B,"Take It All","21","Adele",2011-01-19,228213,0,false,quirky613,2026-06-26T21:19:50Z,"chillwave,downtempo,idm,ambient","XL Recordings/Columbia",0.411,0.267,0,-8.484,1,0.031,0.953,0,0.167,0.303,137.801,4
spotify:track:0cj2joJcY6b4XSRfj2eZOl,"When We Were Young","25","Adele",2015-11-20,290900,2,false,quirky613,2026-06-26T21:19:50Z,"chillwave,downtempo,idm,ambient","XL Recordings",0.377,0.595,3,-5.936,1,0.0489,0.303,0,0.095,0.264,144.464,4
spotify:track:50o8QmrUrzQRbdyfpx5Lez,"When She Loved Me","Toy Story 2 Original Soundtrack","Sarah McLachlan",1999-01-01,185240,0,false,quirky613,2026-06-26T21:19:59Z,"","EMI Gold",0.287,0.128,5,-14.672,1,0.0439,0.983,0,0.102,0.23,77.345,5
spotify:track:751srcHf5tUqcEa9pRCQwP,"Tek It","Running","Cafuné",2021-07-20,191823,84,false,quirky613,2026-06-26T21:23:41Z,"","Elektra (NEK)",0.423,0.913,8,-5.354,1,0.0655,0.0000653,0,0.269,0.596,146.995,4
spotify:track:3bhhM8sG53lsPYRpakieZB,"Swim","Swim","Fickle Friends",2016-03-11,197624,0,false,quirky613,2026-06-26T21:23:41Z,"bedroom pop","Universal Music Group",0.628,0.83,5,-4.13,1,0.0386,0.223,0,0.151,0.691,104.97,4
spotify:track:64I0PKLFEKlcvc7fEVUGq0,"White Tiger - Single Version","White Tiger","Izzy Bizu",2015-10-16,178867,57,false,quirky613,2026-06-26T21:23:41Z,"","Epic",0.772,0.582,2,-5.14,0,0.0615,0.222,0.0000878,0.108,0.319,117.856,4
spotify:track:1tJ4fzm6PnlldHJ51yo0AO,"When I Look Into Your Eyes","When I Look Into Your Eyes","khai dreams;Lanie",2018-02-14,150375,0,false,quirky613,2026-06-26T21:26:47Z,"","Khai Dreams",0.804,0.516,5,-8.336,0,0.0615,0.771,0.0000286,0.383,0.643,82.99,4
spotify:track:4pGqFOfzvfe6avb9kbZicC,"Sweater Weather","I'm Sorry...","The Neighbourhood",2012-08-07,240040,66,false,quirky613,2026-06-26T21:26:47Z,"indie","the [r]evolve group",0.695,0.615,7,-5.325,0,0.042,0.15,0.000212,0.0879,0.414,124.015,4
spotify:track:4ObATYHHvXXlJJQ4rPKU2s,"Wires","I'm Sorry...","The Neighbourhood",2012-08-07,192600,47,false,quirky613,2026-06-26T21:26:47Z,"indie","the [r]evolve group",0.553,0.587,7,-5.924,0,0.0327,0.000439,0.326,0.329,0.28,146.045,4
spotify:track:5n0CTysih20NYdT2S0Wpe8,"Trouble","Tell Me I'm Pretty","Cage The Elephant",2015-12-18,225980,75,false,quirky613,2026-06-26T21:26:47Z,"r&b","RCA Records Label",0.47,0.623,0,-5.655,1,0.0302,0.392,0.000439,0.0992,0.298,77.861,4
spotify:track:3xMQOd1C3TXsjQ3pmzOmkC,"Weight of Love","Turn Blue","The Black Keys",2014-05-06,410186,66,false,quirky613,2026-06-26T21:26:47Z,"","Nonesuch",0.282,0.547,2,-8.621,1,0.0322,0.03,0.888,0.104,0.133,151.468,4
spotify:track:25nzKGDiua1lE9Qo5V19GL,"Young Blood","Passive Me, Aggressive You","The Naked And Famous",2010,246600,28,false,quirky613,2026-06-26T21:27:36Z,"","Polydor Records",0.579,0.865,6,-4.692,1,0.0302,0.0000563,0.000221,0.649,0.358,104.99,4
spotify:track:0dIqpThN0XCUfGSWWkHWlW,"Wake The Sun","A Band In Hope (Bonus Track Version)","The Matches",2008-03-17,218346,27,false,quirky613,2026-06-26T21:27:42Z,"","Epitaph",0.65,0.786,0,-6.389,1,0.0272,0.107,0.00175,0.0604,0.898,94.024,4
spotify:track:2k1erWqdB28heZ4V4qB9Eg,"Upside Down & Inside Out","Hungry Ghosts","OK Go",2014-10-14,187866,0,false,quirky613,2026-06-26T21:27:42Z,"pop punk","BMG Rights Management",0.559,0.817,0,-4.95,1,0.104,0.00222,0,0.87,0.546,92.544,4
spotify:track:5HKnWZRsDyGIrb6obvD0Yq,"The Writing's on the Wall","Hungry Ghosts","OK Go",2014-10-14,214706,0,false,quirky613,2026-06-26T21:27:42Z,"pop punk","BMG Rights Management",0.547,0.967,7,-3.648,1,0.0534,0.0198,0.000424,0.721,0.662,103.026,4
spotify:track:43O3Iu8mDJy10i6k8SVRXX,"Take It or Leave It","Melophobia","Cage The Elephant",2013-10-08,207320,56,false,quirky613,2026-06-26T21:27:42Z,"r&b","RCA Records Label",0.71,0.847,0,-3.009,1,0.0892,0.0289,0.00033,0.0613,0.65,119.944,4
spotify:track:1SMtj9r8K7Lzh71S5MsIhD,"This Too Shall Pass","Of the Blue Colour of the Sky (Extra Nice Edition)","OK Go",2010-11-02,188120,0,false,quirky613,2026-06-26T21:27:42Z,"pop punk","Paracadute",0.429,0.667,5,-3.435,1,0.0447,0.0000531,0.00637,0.128,0.395,160.022,4
spotify:track:2PWTZV5znjLtZC5T1EVJvL,"this is what falling in love feels like","this is what ____ feels like (Vol. 1-4)","JVKE",2022-09-23,120308,81,false,quirky613,2026-06-26T21:29:55Z,"blues rock,garage rock,modern blues,rock","JVKE",0.422,0.44,11,-5.53,1,0.0544,0.617,0,0.0837,0.332,128.934,5
spotify:track:57RA3JGafJm5zRtKJiKPIm,"Are You Bored Yet? (feat. Clairo)","Nothing Happens","Wallows;Clairo",2019-03-22,178000,80,false,quirky613,2026-06-26T21:30:29Z,"jazz pop","Atlantic Records",0.682,0.683,8,-6.444,0,0.0287,0.156,0.0000232,0.273,0.64,120.023,4
spotify:track:4fgIoBKHzO7YO5eATyYbMl,"in your arms","in your arms","Saib",2018-03-07,277839,47,false,quirky613,2026-06-26T21:30:41Z,"","Repost Network",0.739,0.28,0,-17.212,1,0.0929,0.697,0.0133,0.362,0.755,142.912,4
spotify:track:4k6Uh1HXdhtusDW5y8Gbvy,"Bad Habit","Gemini Rights","Steve Lacy",2022-07-15,232114,88,true,quirky613,2026-06-26T21:30:55Z,"","L-M Records/RCA Records",0.686,0.494,1,-7.093,1,0.0355,0.613,0.000058,0.402,0.7,168.946,4
spotify:track:3EaJDYHA0KnX88JvDhL9oa,"Dark Red","Dark Red","Steve Lacy",2017-02-20,173104,88,false,quirky613,2026-06-26T21:31:29Z,"","Three Quarter",0.603,0.784,6,-4.023,1,0.062,0.446,0.00000832,0.119,0.769,172.041,4
